,0
0,Mock
1,Mock
2,Mock
3,Mock
4,Mock
5,Mock
6,Mock
7,Mock
8,Mock
9,Mock
10,Mock
11,Mock
12,Mock
13,Mock
14,Mock
15,Mock
16,Mock
17,Mock
18,Mock
19,Mock
20,Mock
21,Mock
22,Mock
23,Mock
24,Mock
25,Mock
26,Mock
27,Mock
28,Mock
29,Mock
30,Mock
31,Mock
32,Mock
33,Mock
34,Mock
35,Mock
36,Mock
37,Mock
38,Mock
39,Mock
40,Mock
41,Mock
42,Mock
43,Mock
44,Mock
45,Mock
46,Mock
47,Mock
48,Mock
49,Mock
50,Mock
51,Mock
52,Mock
53,Mock
54,Mock
55,Mock
56,Mock
57,Mock
58,Mock
59,Mock
60,Mock
61,Mock
62,Mock
63,Mock
64,Mock
65,Mock
66,Mock
67,Mock
68,Mock
69,Mock
70,Mock
71,Mock
72,Mock
73,Mock
74,Mock
75,Mock
76,Mock
77,Mock
78,Mock
79,Mock
80,Mock
81,Mock
82,Mock
83,Mock
84,Mock
85,Mock
86,Mock
87,Mock
88,Mock
89,Mock
90,Mock
91,Mock
92,Mock
93,Mock
94,Mock
95,Mock
96,Mock
97,Mock
98,Mock
99,Mock
100,Mock
101,Mock
102,Mock
103,Mock
104,Mock
105,Mock
106,Mock
107,Mock
108,Mock
109,Mock
110,Mock
111,Mock
112,Mock
113,Mock
114,Mock
115,Mock
116,Mock
117,Mock
118,Mock
119,Mock
120,Mock
121,Mock
122,Mock
123,Mock
124,Mock
125,Mock
126,Mock
127,Mock
128,Mock
129,Mock
130,Mock
131,Mock
132,Mock
133,Mock
134,Mock
135,Mock
136,Mock
137,Mock
138,Mock
139,Mock
140,Mock
141,Mock
142,Mock
143,Mock
144,Mock
145,Mock
146,Mock
147,Mock
148,Mock
149,Mock
150,Mock
151,Mock
152,Mock
153,Mock
154,Mock
155,Mock
156,Mock
157,Mock
158,Mock
159,Mock
160,Mock
161,Mock
162,Mock
163,Mock
164,Mock
165,Mock
166,Mock
167,Mock
168,Mock
169,Mock
170,Mock
171,Mock
172,Mock
173,Mock
174,Mock
175,Mock
176,Mock
177,Mock
178,Mock
179,Mock
180,Mock
181,Mock
182,Mock
183,Mock
184,Mock
185,Mock
186,Mock
187,Mock
188,Mock
189,Mock
190,Mock
191,Mock
192,Mock
193,Mock
194,Mock
195,Mock
196,Mock
197,Mock
198,Mock
199,Mock
200,Mock
201,Mock
202,Mock
203,Mock
204,Mock
205,Mock
206,Mock
207,Mock
208,Mock
209,Mock
210,Mock
211,Mock
212,Mock
213,Mock
214,Mock
215,Mock
216,Mock
217,Mock
218,Mock
219,Mock
220,Mock
221,Mock
222,Mock
223,Mock
224,Mock
225,Mock
226,Mock
227,Mock
228,Mock
229,Mock
230,Mock
231,Mock
232,Mock
233,Mock
234,Mock
235,Mock
236,Mock
237,Mock
238,Mock
239,Mock
240,Mock
241,Mock
242,Mock
243,Mock
244,Mock
245,Mock
246,Mock
247,Mock
248,Mock
249,Mock
250,Mock
251,Mock
252,Mock
253,Mock
254,Mock
255,Mock
256,Mock
257,Mock
258,Mock
259,Mock
260,Mock
261,Mock
262,Mock
263,Mock
264,Mock
265,Mock
266,Mock
267,Mock
268,Mock
269,Mock
270,Mock
271,Mock
272,Mock
273,Mock
274,Mock
275,Mock
276,Mock
277,Mock
278,Mock
279,Mock
280,Mock
281,Mock
282,Mock
283,Mock
284,Mock
285,Mock
286,Mock
287,Mock
288,Mock
289,Mock
290,Mock
291,Mock
292,Mock
293,Mock
294,Mock
295,Mock
296,Mock
297,Mock
298,Mock
299,Mock
300,Mock
301,Mock
302,Mock
303,Mock
304,Mock
305,Mock
306,Mock
307,Mock
308,Mock
309,Mock
310,Mock
311,Mock
312,Mock
313,Mock
314,Mock
315,Mock
316,Mock
317,Mock
318,Mock
319,Mock
320,Mock
321,Mock
322,Mock
323,Mock
324,Mock
325,Mock
326,Mock
327,Mock
328,Mock
329,Mock
330,Mock
331,Mock
332,Mock
333,Mock
334,Mock
335,Mock
336,Mock
337,Mock
338,Mock
339,Mock
340,Mock
341,Mock
342,Mock
343,Mock
344,Mock
345,Mock
346,Mock
347,Mock
348,Mock
349,Mock
350,Mock
351,Mock
352,Mock
353,Mock
354,Mock
355,Mock
356,Mock
357,Mock
358,Mock
359,Mock
360,Mock
361,Mock
362,Mock
363,Mock
364,Mock
365,Mock
366,Mock
367,Mock
368,Mock
369,Mock
370,Mock
371,Mock
372,Mock
373,Mock
374,Mock
375,Mock
376,Mock
377,Mock
378,Mock
379,Mock
380,Mock
381,Mock
382,Mock
383,Mock
384,Mock
385,Mock
386,Mock
387,Mock
388,Mock
389,Mock
390,Mock
391,Mock
392,Mock
393,Mock
394,Mock
395,Mock
396,Mock
397,Mock
398,Mock
399,Mock
400,Mock
401,Mock
402,Mock
403,Mock
404,Mock
405,Mock
406,Mock
407,Mock
408,Mock
409,Mock
410,Mock
411,Mock
412,Mock
413,Mock
414,Mock
415,Mock
416,Mock
417,Mock
418,Mock
419,Mock
420,Mock
421,Mock
422,Mock
423,Mock
424,Mock
425,Mock
426,Mock
427,Mock
428,Mock
429,Mock
430,Mock
431,Mock
432,Mock
433,Mock
434,Mock
435,Mock
436,Mock
437,Mock
438,Mock
439,Mock
440,Mock
441,Mock
442,Mock
443,Mock
444,Mock
445,Mock
446,Mock
447,Mock
448,Mock
449,Mock
450,Mock
451,Mock
452,Mock
453,Mock
454,Mock
455,Mock
456,Mock
457,Mock
458,Mock
459,Mock
460,Mock
461,Mock
462,Mock
463,Mock
464,Mock
465,Mock
466,Mock
467,Mock
468,Mock
469,Mock
470,Mock
471,Mock
472,Mock
473,Mock
474,Mock
475,Mock
476,Mock
477,Mock
478,Mock
479,Mock
480,Mock
481,Mock
482,Mock
483,Mock
484,Mock
485,Mock
486,Mock
487,Mock
488,Mock
489,Mock
490,Mock
491,Mock
492,Mock
493,Mock
494,Mock
495,Mock
496,Mock
497,Mock
498,Mock
499,Mock
500,Mock
501,Mock
502,Mock
503,Mock
504,Mock
505,Mock
506,Mock
507,Mock
508,Mock
509,Mock
510,Mock
511,Mock
512,Mock
513,Mock
514,Mock
515,Mock
516,Mock
517,Mock
518,Mock
519,Mock
520,Mock
521,Mock
522,Mock
523,Mock
524,Mock
525,Mock
526,Mock
527,Mock
528,Mock
529,Mock
530,Mock
531,Mock
532,Mock
533,Mock
534,Mock
535,Mock
536,Mock
537,Mock
538,Mock
539,Mock
540,Mock
541,Mock
542,Mock
543,Mock
544,Mock
545,Mock
546,Mock
547,Mock
548,Mock
549,Mock
550,Mock
551,Mock
552,Mock
553,Mock
554,Mock
555,Mock
556,Mock
557,Mock
558,Mock
559,Mock
560,Mock
561,Mock
562,Mock
563,Mock
564,Mock
565,Mock
566,Mock
567,Mock
568,Mock
569,Mock
570,Mock
571,Mock
572,Mock
573,Mock
574,Mock
575,Mock
576,Mock
577,Mock
578,Mock
579,Mock
580,Mock
581,Mock
582,Mock
583,Mock
584,Mock
585,Mock
586,Mock
587,Mock
588,Mock
589,Mock
590,Mock
591,Mock
592,Mock
593,Mock
594,Mock
595,Mock
596,Mock
597,Mock
598,Mock
599,Mock
600,Mock
601,Mock
602,Mock
603,Mock
604,Mock
605,Mock
606,Mock
607,Mock
608,Mock
609,Mock
610,Mock
611,Mock
612,Mock
613,Mock
614,Mock
615,Mock
616,Mock
617,Mock
618,Mock
619,Mock
620,Mock
621,Mock
622,Mock
623,Mock
624,Mock
625,Mock
626,Mock
627,Mock
628,Mock
629,Mock
630,Mock
631,Mock
632,Mock
633,Mock
634,Mock
635,Mock
636,Mock
637,Mock
638,Mock
639,Mock
640,Mock
641,Mock
642,Mock
643,Mock
644,Mock
645,Mock
646,Mock
647,Mock
648,Mock
649,Mock
650,Mock
651,Mock
652,Mock
653,Mock
654,Mock
655,Mock
656,Mock
657,Mock
658,Mock
659,Mock
660,Mock
661,Mock
662,Mock
663,Mock
664,Mock
665,Mock
666,Mock
667,Mock
668,Mock
669,Mock
670,Mock
671,Mock
672,Mock
673,Mock
674,Mock
675,Mock
676,Mock
677,Mock
678,Mock
679,Mock
680,Mock
681,Mock
682,Mock
683,Mock
684,Mock
685,Mock
686,Mock
687,Mock
688,Mock
689,Mock
690,Mock
691,Mock
692,Mock
693,Mock
694,Mock
695,Mock
696,Mock
697,Mock
698,Mock
699,Mock
700,Mock
701,Mock
702,Mock
703,Mock
704,Mock
705,Mock
706,Mock
707,Mock
708,Mock
709,Mock
710,Mock
711,Mock
712,Mock
713,Mock
714,Mock
715,Mock
716,Mock
717,Mock
718,Mock
719,Mock
720,Mock
721,Mock
722,Mock
723,Mock
724,Mock
725,Mock
726,Mock
727,Mock
728,Mock
729,Mock
730,Mock
731,Mock
732,Mock
733,Mock
734,Mock
735,Mock
736,Mock
737,Mock
738,Mock
739,Mock
740,Mock
741,Mock
742,Mock
743,Mock
744,Mock
745,Mock
746,Mock
747,Mock
748,Mock
749,Mock
750,Mock
751,Mock
752,Mock
753,Mock
754,Mock
755,Mock
756,Mock
757,Mock
758,Mock
759,Mock
760,Mock
761,Mock
762,Mock
763,Mock
764,Mock
765,Mock
766,Mock
767,Mock
768,Mock
769,Mock
770,Mock
771,Mock
772,Mock
773,Mock
774,Mock
775,Mock
776,Mock
777,Mock
778,Mock
779,Mock
780,Mock
781,Mock
782,Mock
783,Mock
784,Mock
785,Mock
786,Mock
787,Mock
788,Mock
789,Mock
790,Mock
791,Mock
792,Mock
793,Mock
794,Mock
795,Mock
796,Mock
797,Mock
798,Mock
799,Mock
800,Mock
801,Mock
802,Mock
803,Mock
804,Mock
805,Mock
806,Mock
807,Mock
808,Mock
809,Mock
810,Mock
811,Mock
812,Mock
813,Mock
814,Mock
815,Mock
816,Mock
817,Mock
818,Mock
819,Mock
820,Mock
821,Mock
822,Mock
823,Mock
824,Mock
825,Mock
826,Mock
827,Mock
828,Mock
829,Mock
830,Mock
831,Mock
832,Mock
833,Mock
834,Mock
835,Mock
836,Mock
837,Mock
838,Mock
839,Mock
840,Mock
841,Mock
842,Mock
843,Mock
844,Mock
845,Mock
846,Mock
847,Mock
848,Mock
849,Mock
850,Mock
851,Mock
852,Mock
853,Mock
854,Mock
855,Mock
856,Mock
857,Mock
858,Mock
859,Mock
860,Mock
861,Mock
862,Mock
863,Mock
864,Mock
865,Mock
866,Mock
867,Mock
868,Mock
869,Mock
870,Mock
871,Mock
872,Mock
873,Mock
874,Mock
875,Mock
876,Mock
877,Mock
878,Mock
879,Mock
880,Mock
881,Mock
882,Mock
883,Mock
884,Mock
885,Mock
886,Mock
887,Mock
888,Mock
889,Mock
890,Mock
891,Mock
892,Mock
893,Mock
894,Mock
895,Mock
896,Mock
897,Mock
898,Mock
899,Mock
900,Mock
901,Mock
902,Mock
903,Mock
904,Mock
905,Mock
906,Mock
907,Mock
908,Mock
909,Mock
910,Mock
911,Mock
912,Mock
913,Mock
914,Mock
915,Mock
916,Mock
917,Mock
918,Mock
919,Mock
920,Mock
921,Mock
922,Mock
923,Mock
924,Mock
925,Mock
926,Mock
927,Mock
928,Mock
929,Mock
930,Mock
931,Mock
932,Mock
933,Mock
934,Mock
935,Mock
936,Mock
937,Mock
938,Mock
939,Mock
940,Mock
941,Mock
942,Mock
943,Mock
944,Mock
945,Mock
946,Mock
947,Mock
948,Mock
949,Mock
950,Mock
951,Mock
952,Mock
953,Mock
954,Mock
955,Mock
956,Mock
957,Mock
958,Mock
959,Mock
960,Mock
961,Mock
962,Mock
963,Mock
964,Mock
965,Mock
966,Mock
967,Mock
968,Mock
969,Mock
970,Mock
971,Mock
972,Mock
973,Mock
974,Mock
975,Mock
976,Mock
977,Mock
978,Mock
979,Mock
980,Mock
981,Mock
982,Mock
983,Mock
984,Mock
985,Mock
986,Mock
987,Mock
988,Mock
989,Mock
990,Mock
991,Mock
992,Mock
993,Mock
994,Mock
995,Mock
996,Mock
997,Mock
998,Mock
999,Mock
1000,Mock
1001,Mock
1002,Mock
1003,Mock
1004,Mock
1005,Mock
1006,Mock
1007,Mock
1008,Mock
1009,Mock
1010,Mock
1011,Mock
1012,Mock
1013,Mock
1014,Mock
1015,Mock
1016,Mock
1017,Mock
1018,Mock
1019,Mock
1020,Mock
1021,Mock
1022,Mock
1023,Mock
1024,Mock
1025,Mock
1026,Mock
1027,Mock
1028,Mock
1029,Mock
1030,Mock
1031,Mock
1032,Mock
1033,Mock
1034,Mock
1035,Mock
1036,Mock
1037,Mock
1038,Mock
1039,Mock
1040,Mock
1041,Mock
1042,Mock
1043,Mock
1044,Mock
1045,Mock
1046,Mock
1047,Mock
1048,Mock
1049,Mock
1050,Mock
1051,Mock
1052,Mock
1053,Mock
1054,Mock
1055,Mock
1056,Mock
1057,Mock
1058,Mock
1059,Mock
1060,Mock
1061,Mock
1062,Mock
1063,Mock
1064,Mock
1065,Mock
1066,Mock
1067,Mock
1068,Mock
1069,Mock
1070,Mock
1071,Mock
1072,Mock
1073,Mock
1074,Mock
1075,Mock
1076,Mock
1077,Mock
1078,Mock
1079,Mock
1080,Mock
1081,Mock
1082,Mock
1083,Mock
1084,Mock
1085,Mock
1086,Mock
1087,Mock
1088,Mock
1089,Mock
1090,Mock
1091,Mock
1092,Mock
1093,Mock
1094,Mock
1095,Mock
1096,Mock
1097,Mock
1098,Mock
1099,Mock
1100,Mock
1101,Mock
1102,Mock
1103,Mock
1104,Mock
1105,Mock
1106,Mock
1107,Mock
1108,Mock
1109,Mock
1110,Mock
1111,Mock
1112,Mock
1113,Mock
1114,Mock
1115,Mock
1116,Mock
1117,Mock
1118,Mock
1119,Mock
1120,Mock
1121,Mock
1122,Mock
1123,Mock
1124,Mock
1125,Mock
1126,Mock
1127,Mock
1128,Mock
1129,Mock
1130,Mock
1131,Mock
1132,Mock
1133,Mock
1134,Mock
1135,Mock
1136,Mock
1137,Mock
1138,Mock
1139,Mock
1140,Mock
1141,Mock
1142,Mock
1143,Mock
1144,Mock
1145,Mock
1146,Mock
1147,Mock
1148,Mock
1149,Mock
1150,Mock
1151,Mock
1152,Mock
1153,Mock
1154,Mock
1155,Mock
1156,Mock
1157,Mock
1158,Mock
1159,Mock
1160,Mock
1161,Mock
1162,Mock
1163,Mock
1164,Mock
1165,Mock
1166,Mock
1167,Mock
1168,Mock
1169,Mock
1170,Mock
1171,Mock
1172,Mock
1173,Mock
1174,Mock
1175,Mock
1176,Mock
1177,Mock
1178,Mock
1179,Mock
1180,Mock
1181,Mock
1182,Mock
1183,Mock
1184,Mock
1185,Mock
1186,Mock
1187,Mock
1188,Mock
1189,Mock
1190,Mock
1191,Mock
1192,Mock
1193,Mock
1194,Mock
1195,Mock
1196,Mock
1197,Mock
1198,Mock
1199,Mock
1200,Mock
1201,Mock
1202,Mock
1203,Mock
1204,Mock
1205,Mock
1206,Mock
1207,Mock
1208,Mock
1209,Mock
1210,Mock
1211,Mock
1212,Mock
1213,Mock
1214,Mock
1215,Mock
1216,Mock
1217,Mock
1218,Mock
1219,Mock
1220,Mock
1221,Mock
1222,Mock
1223,Mock
1224,Mock
1225,Mock
1226,Mock
1227,Mock
1228,Mock
1229,Mock
1230,Mock
1231,Mock
1232,Mock
1233,Mock
1234,Mock
1235,Mock
1236,Mock
1237,Mock
1238,Mock
1239,Mock
1240,Mock
1241,Mock
1242,Mock
1243,Mock
1244,Mock
1245,Mock
1246,Mock
1247,Mock
1248,Mock
1249,Mock
1250,Mock
1251,Mock
1252,Mock
1253,Mock
1254,Mock
1255,Mock
1256,Mock
1257,Mock
1258,Mock
1259,Mock
1260,Mock
1261,Mock
1262,Mock
1263,Mock
1264,Mock
1265,Mock
1266,Mock
1267,Mock
1268,Mock
1269,Mock
1270,Mock
1271,Mock
1272,Mock
1273,Mock
1274,Mock
1275,Mock
1276,Mock
1277,Mock
1278,Mock
1279,Mock
1280,Mock
1281,Mock
1282,Mock
1283,Mock
1284,Mock
1285,Mock
1286,Mock
1287,Mock
1288,Mock
1289,Mock
1290,Mock
1291,Mock
1292,Mock
1293,Mock
1294,Mock
1295,Mock
1296,Mock
1297,Mock
1298,Mock
1299,Mock
1300,Mock
1301,Mock
1302,Mock
1303,Mock
1304,Mock
1305,Mock
1306,Mock
1307,Mock
1308,Mock
1309,Mock
1310,Mock
1311,Mock
1312,Mock
1313,Mock
1314,Mock
1315,Mock
1316,Mock
1317,Mock
1318,Mock
1319,Mock
1320,Mock
1321,Mock
1322,Mock
1323,Mock
1324,Mock
1325,Mock
1326,Mock
1327,Mock
1328,Mock
1329,Mock
1330,Mock
1331,Mock
1332,Mock
1333,Mock
1334,Mock
1335,Mock
1336,Mock
1337,Mock
1338,Mock
1339,Mock
1340,Mock
1341,Mock
1342,Mock
1343,Mock
1344,Mock
1345,Mock
1346,Mock
1347,Mock
1348,Mock
1349,Mock
1350,Mock
1351,Mock
1352,Mock
1353,Mock
1354,Mock
1355,Mock
1356,Mock
1357,Mock
1358,Mock
1359,Mock
1360,Mock
1361,Mock
1362,Mock
1363,Mock
1364,Mock
1365,Mock
1366,Mock
1367,Mock
1368,Mock
1369,Mock
1370,Mock
1371,Mock
1372,Mock
1373,Mock
1374,Mock
1375,Mock
1376,Mock
1377,Mock
1378,Mock
1379,Mock
1380,Mock
1381,Mock
1382,Mock
1383,Mock
1384,Mock
1385,Mock
1386,Mock
1387,Mock
1388,Mock
1389,Mock
1390,Mock
1391,Mock
1392,Mock
1393,Mock
1394,Mock
1395,Mock
1396,Mock
1397,Mock
1398,Mock
1399,Mock
1400,Mock
1401,Mock
1402,Mock
1403,Mock
1404,Mock
1405,Mock
1406,Mock
1407,Mock
1408,Mock
1409,Mock
1410,Mock
1411,Mock
1412,Mock
1413,Mock
1414,Mock
1415,Mock
1416,Mock
1417,Mock
1418,Mock
1419,Mock
1420,Mock
1421,Mock
1422,Mock
1423,Mock
1424,Mock
1425,Mock
1426,Mock
1427,Mock
1428,Mock
1429,Mock
1430,Mock
1431,Mock
1432,Treatment1
1433,Treatment1
1434,Treatment1
1435,Treatment1
1436,Treatment1
1437,Treatment1
1438,Treatment1
1439,Treatment1
1440,Treatment1
1441,Treatment1
1442,Treatment1
1443,Treatment1
1444,Treatment1
1445,Treatment1
1446,Treatment1
1447,Treatment1
1448,Treatment1
1449,Treatment1
1450,Treatment1
1451,Treatment1
1452,Treatment1
1453,Treatment1
1454,Treatment1
1455,Treatment1
1456,Treatment1
1457,Treatment1
1458,Treatment1
1459,Treatment1
1460,Treatment1
1461,Treatment1
1462,Treatment1
1463,Treatment1
1464,Treatment1
1465,Treatment1
1466,Treatment1
1467,Treatment1
1468,Treatment1
1469,Treatment1
1470,Treatment1
1471,Treatment1
1472,Treatment1
1473,Treatment1
1474,Treatment1
1475,Treatment1
1476,Treatment1
1477,Treatment1
1478,Treatment1
1479,Treatment1
1480,Treatment1
1481,Treatment1
1482,Treatment1
1483,Treatment1
1484,Treatment1
1485,Treatment1
1486,Treatment1
1487,Treatment1
1488,Treatment1
1489,Treatment1
1490,Treatment1
1491,Treatment1
1492,Treatment1
1493,Treatment1
1494,Treatment1
1495,Treatment1
1496,Treatment1
1497,Treatment1
1498,Treatment1
1499,Treatment1
1500,Treatment1
1501,Treatment1
1502,Treatment1
1503,Treatment1
1504,Treatment1
1505,Treatment1
1506,Treatment1
1507,Treatment1
1508,Treatment1
1509,Treatment1
1510,Treatment1
1511,Treatment1
1512,Treatment1
1513,Treatment1
1514,Treatment1
1515,Treatment1
1516,Treatment1
1517,Treatment1
1518,Treatment1
1519,Treatment1
1520,Treatment1
1521,Treatment1
1522,Treatment1
1523,Treatment1
1524,Treatment1
1525,Treatment1
1526,Treatment1
1527,Treatment1
1528,Treatment1
1529,Treatment1
1530,Treatment1
1531,Treatment1
1532,Treatment1
1533,Treatment1
1534,Treatment1
1535,Treatment1
1536,Treatment1
1537,Treatment1
1538,Treatment1
1539,Treatment1
1540,Treatment1
1541,Treatment1
1542,Treatment1
1543,Treatment1
1544,Treatment1
1545,Treatment1
1546,Treatment1
1547,Treatment1
1548,Treatment1
1549,Treatment1
1550,Treatment1
1551,Treatment1
1552,Treatment1
1553,Treatment1
1554,Treatment1
1555,Treatment1
1556,Treatment1
1557,Treatment1
1558,Treatment1
1559,Treatment1
1560,Treatment1
1561,Treatment1
1562,Treatment1
1563,Treatment1
1564,Treatment1
1565,Treatment1
1566,Treatment1
1567,Treatment1
1568,Treatment1
1569,Treatment1
1570,Treatment1
1571,Treatment1
1572,Treatment1
1573,Treatment1
1574,Treatment1
1575,Treatment1
1576,Treatment1
1577,Treatment1
1578,Treatment1
1579,Treatment1
1580,Treatment1
1581,Treatment1
1582,Treatment1
1583,Treatment1
1584,Treatment1
1585,Treatment1
1586,Treatment1
1587,Treatment1
1588,Treatment1
1589,Treatment1
1590,Treatment1
1591,Treatment1
1592,Treatment1
1593,Treatment1
1594,Treatment1
1595,Treatment1
1596,Treatment1
1597,Treatment1
1598,Treatment1
1599,Treatment1
1600,Treatment1
1601,Treatment1
1602,Treatment1
1603,Treatment1
1604,Treatment1
1605,Treatment1
1606,Treatment1
1607,Treatment1
1608,Treatment1
1609,Treatment1
1610,Treatment1
1611,Treatment1
1612,Treatment1
1613,Treatment1
1614,Treatment1
1615,Treatment1
1616,Treatment1
1617,Treatment1
1618,Treatment1
1619,Treatment1
1620,Treatment1
1621,Treatment1
1622,Treatment1
1623,Treatment1
1624,Treatment1
1625,Treatment1
1626,Treatment1
1627,Treatment1
1628,Treatment1
1629,Treatment1
1630,Treatment1
1631,Treatment1
1632,Treatment1
1633,Treatment1
1634,Treatment1
1635,Treatment1
1636,Treatment1
1637,Treatment1
1638,Treatment1
1639,Treatment1
1640,Treatment1
1641,Treatment1
1642,Treatment1
1643,Treatment1
1644,Treatment1
1645,Treatment1
1646,Treatment1
1647,Treatment1
1648,Treatment1
1649,Treatment1
1650,Treatment1
1651,Treatment1
1652,Treatment1
1653,Treatment1
1654,Treatment1
1655,Treatment1
1656,Treatment1
1657,Treatment1
1658,Treatment1
1659,Treatment1
1660,Treatment1
1661,Treatment1
1662,Treatment1
1663,Treatment1
1664,Treatment1
1665,Treatment1
1666,Treatment1
1667,Treatment1
1668,Treatment1
1669,Treatment1
1670,Treatment1
1671,Treatment1
1672,Treatment1
1673,Treatment1
1674,Treatment1
1675,Treatment1
1676,Treatment1
1677,Treatment1
1678,Treatment1
1679,Treatment1
1680,Treatment1
1681,Treatment1
1682,Treatment1
1683,Treatment1
1684,Treatment1
1685,Treatment1
1686,Treatment1
1687,Treatment1
1688,Treatment1
1689,Treatment1
1690,Treatment1
1691,Treatment1
1692,Treatment1
1693,Treatment1
1694,Treatment1
1695,Treatment1
1696,Treatment1
1697,Treatment1
1698,Treatment1
1699,Treatment1
1700,Treatment1
1701,Treatment1
1702,Treatment1
1703,Treatment1
1704,Treatment1
1705,Treatment1
1706,Treatment1
1707,Treatment1
1708,Treatment1
1709,Treatment1
1710,Treatment1
1711,Treatment1
1712,Treatment1
1713,Treatment1
1714,Treatment1
1715,Treatment1
1716,Treatment1
1717,Treatment1
1718,Treatment1
1719,Treatment1
1720,Treatment1
